Name,City
Санкт-Петербург,Санкт-Петербург
Шушары (Санкт-Петербург),Шушары (Санкт-Петербург)
Красное Село (Санкт-Петербург),Красное Село (Санкт-Петербург)
Sankt-Peterburg 2*,Киев
Акян Санкт-Петербург отель 4*,Санкт-Петербург
Отель Санкт-Петербург 3*,Санкт-Петербург
Отель Санкт-Петербург 3*,Санкт-Петербург
Дабл ю Санкт-Петербург отель 5*,Санкт-Петербург
Отели в Санкт-Петербурге 3*,Санкт-Петербург
М-Отель Санкт-Петербург  3*,Санкт-Петербург
К-Визит Санкт-Петербург отель 4*,Санкт-Петербург
Новотель Санкт-Петербург Центр отель 4*,Санкт-Петербург
Коринтия Санкт-Петербург отель 5*,Санкт-Петербург
Санкт-Петербург,Санкт-Петербург
Шушары (Санкт-Петербург),Шушары (Санкт-Петербург)
Красное Село (Санкт-Петербург),Красное Село (Санкт-Петербург)
Sankt-Peterburg 2*,Киев
Акян Санкт-Петербург отель 4*,Санкт-Петербург
Отель Санкт-Петербург 3*,Санкт-Петербург
Отель Санкт-Петербург 3*,Санкт-Петербург
Дабл ю Санкт-Петербург отель 5*,Санкт-Петербург
Отели в Санкт-Петербурге 3*,Санкт-Петербург
М-Отель Санкт-Петербург  3*,Санкт-Петербург
К-Визит Санкт-Петербург отель 4*,Санкт-Петербург
Новотель Санкт-Петербург Центр отель 4*,Санкт-Петербург
Коринтия Санкт-Петербург отель 5*,Санкт-Петербург
Санкт-Петербург,Санкт-Петербург
Шушары (Санкт-Петербург),Шушары (Санкт-Петербург)
Красное Село (Санкт-Петербург),Красное Село (Санкт-Петербург)
Sankt-Peterburg 2*,Киев
Акян Санкт-Петербург отель 4*,Санкт-Петербург
Отель Санкт-Петербург 3*,Санкт-Петербург
Отель Санкт-Петербург 3*,Санкт-Петербург
Дабл ю Санкт-Петербург отель 5*,Санкт-Петербург
Отели в Санкт-Петербурге 3*,Санкт-Петербург
М-Отель Санкт-Петербург  3*,Санкт-Петербург
К-Визит Санкт-Петербург отель 4*,Санкт-Петербург
Новотель Санкт-Петербург Центр отель 4*,Санкт-Петербург
Коринтия Санкт-Петербург отель 5*,Санкт-Петербург
Санкт-Петербург,Санкт-Петербург
Шушары (Санкт-Петербург),Шушары (Санкт-Петербург)
Красное Село (Санкт-Петербург),Красное Село (Санкт-Петербург)
Sankt-Peterburg 2*,Киев
Акян Санкт-Петербург отель 4*,Санкт-Петербург
Отель Санкт-Петербург 3*,Санкт-Петербург
Отель Санкт-Петербург 3*,Санкт-Петербург
Дабл ю Санкт-Петербург отель 5*,Санкт-Петербург
Отели в Санкт-Петербурге 3*,Санкт-Петербург
М-Отель Санкт-Петербург  3*,Санкт-Петербург
К-Визит Санкт-Петербург отель 4*,Санкт-Петербург
Новотель Санкт-Петербург Центр отель 4*,Санкт-Петербург
Коринтия Санкт-Петербург отель 5*,Санкт-Петербург
Санкт-Петербург,Санкт-Петербург
Шушары (Санкт-Петербург),Шушары (Санкт-Петербург)
Красное Село (Санкт-Петербург),Красное Село (Санкт-Петербург)
Sankt-Peterburg 2*,Киев
Акян Санкт-Петербург отель 4*,Санкт-Петербург
Отель Санкт-Петербург 3*,Санкт-Петербург
Отель Санкт-Петербург 3*,Санкт-Петербург
Дабл ю Санкт-Петербург отель 5*,Санкт-Петербург
Отели в Санкт-Петербурге 3*,Санкт-Петербург
М-Отель Санкт-Петербург  3*,Санкт-Петербург
К-Визит Санкт-Петербург отель 4*,Санкт-Петербург
Новотель Санкт-Петербург Центр отель 4*,Санкт-Петербург
Коринтия Санкт-Петербург отель 5*,Санкт-Петербург
Санкт-Петербург,Санкт-Петербург
Шушары (Санкт-Петербург),Шушары (Санкт-Петербург)
Красное Село (Санкт-Петербург),Красное Село (Санкт-Петербург)
Sankt-Peterburg 2*,Киев
Акян Санкт-Петербург отель 4*,Санкт-Петербург
Отель Санкт-Петербург 3*,Санкт-Петербург
Отель Санкт-Петербург 3*,Санкт-Петербург
Дабл ю Санкт-Петербург отель 5*,Санкт-Петербург
Отели в Санкт-Петербурге 3*,Санкт-Петербург
М-Отель Санкт-Петербург  3*,Санкт-Петербург
К-Визит Санкт-Петербург отель 4*,Санкт-Петербург
Новотель Санкт-Петербург Центр отель 4*,Санкт-Петербург
Коринтия Санкт-Петербург отель 5*,Санкт-Петербург
Санкт-Петербург,Санкт-Петербург
Шушары (Санкт-Петербург),Шушары (Санкт-Петербург)
Красное Село (Санкт-Петербург),Красное Село (Санкт-Петербург)
Sankt-Peterburg 2*,Киев
Акян Санкт-Петербург отель 4*,Санкт-Петербург
Отель Санкт-Петербург 3*,Санкт-Петербург
Отель Санкт-Петербург 3*,Санкт-Петербург
Дабл ю Санкт-Петербург отель 5*,Санкт-Петербург
Отели в Санкт-Петербурге 3*,Санкт-Петербург
М-Отель Санкт-Петербург  3*,Санкт-Петербург
К-Визит Санкт-Петербург отель 4*,Санкт-Петербург
Новотель Санкт-Петербург Центр отель 4*,Санкт-Петербург
Коринтия Санкт-Петербург отель 5*,Санкт-Петербург
Санкт-Петербург,Санкт-Петербург
Шушары (Санкт-Петербург),Шушары (Санкт-Петербург)
Красное Село (Санкт-Петербург),Красное Село (Санкт-Петербург)
Sankt-Peterburg 2*,Киев
Акян Санкт-Петербург отель 4*,Санкт-Петербург
Отель Санкт-Петербург 3*,Санкт-Петербург
Отель Санкт-Петербург 3*,Санкт-Петербург
Дабл ю Санкт-Петербург отель 5*,Санкт-Петербург
Отели в Санкт-Петербурге 3*,Санкт-Петербург
М-Отель Санкт-Петербург  3*,Санкт-Петербург
К-Визит Санкт-Петербург отель 4*,Санкт-Петербург
Новотель Санкт-Петербург Центр отель 4*,Санкт-Петербург
Коринтия Санкт-Петербург отель 5*,Санкт-Петербург
Санкт-Петербург,Санкт-Петербург
Шушары (Санкт-Петербург),Шушары (Санкт-Петербург)
Красное Село (Санкт-Петербург),Красное Село (Санкт-Петербург)
Sankt-Peterburg 2*,Киев
Акян Санкт-Петербург отель 4*,Санкт-Петербург
Отель Санкт-Петербург 3*,Санкт-Петербург
Отель Санкт-Петербург 3*,Санкт-Петербург
Дабл ю Санкт-Петербург отель 5*,Санкт-Петербург
Отели в Санкт-Петербурге 3*,Санкт-Петербург
М-Отель Санкт-Петербург  3*,Санкт-Петербург
К-Визит Санкт-Петербург отель 4*,Санкт-Петербург
Новотель Санкт-Петербург Центр отель 4*,Санкт-Петербург
Коринтия Санкт-Петербург отель 5*,Санкт-Петербург
Санкт-Петербург,Санкт-Петербург
Шушары (Санкт-Петербург),Шушары (Санкт-Петербург)
Красное Село (Санкт-Петербург),Красное Село (Санкт-Петербург)
Sankt-Peterburg 2*,Киев
Акян Санкт-Петербург отель 4*,Санкт-Петербург
Отель Санкт-Петербург 3*,Санкт-Петербург
Отель Санкт-Петербург 3*,Санкт-Петербург
Дабл ю Санкт-Петербург отель 5*,Санкт-Петербург
Отели в Санкт-Петербурге 3*,Санкт-Петербург
М-Отель Санкт-Петербург  3*,Санкт-Петербург
К-Визит Санкт-Петербург отель 4*,Санкт-Петербург
Новотель Санкт-Петербург Центр отель 4*,Санкт-Петербург
Коринтия Санкт-Петербург отель 5*,Санкт-Петербург
Санкт-Петербург,Санкт-Петербург
Шушары (Санкт-Петербург),Шушары (Санкт-Петербург)
Красное Село (Санкт-Петербург),Красное Село (Санкт-Петербург)
Sankt-Peterburg 2*,Киев
Акян Санкт-Петербург отель 4*,Санкт-Петербург
Отель Санкт-Петербург 3*,Санкт-Петербург
Отель Санкт-Петербург 3*,Санкт-Петербург
Дабл ю Санкт-Петербург отель 5*,Санкт-Петербург
Отели в Санкт-Петербурге 3*,Санкт-Петербург
М-Отель Санкт-Петербург  3*,Санкт-Петербург
К-Визит Санкт-Петербург отель 4*,Санкт-Петербург
Новотель Санкт-Петербург Центр отель 4*,Санкт-Петербург
Коринтия Санкт-Петербург отель 5*,Санкт-Петербург
Санкт-Петербург,Санкт-Петербург
Шушары (Санкт-Петербург),Шушары (Санкт-Петербург)
Красное Село (Санкт-Петербург),Красное Село (Санкт-Петербург)
Sankt-Peterburg 2*,Киев
Акян Санкт-Петербург отель 4*,Санкт-Петербург
Отель Санкт-Петербург 3*,Санкт-Петербург
Отель Санкт-Петербург 3*,Санкт-Петербург
Дабл ю Санкт-Петербург отель 5*,Санкт-Петербург
Отели в Санкт-Петербурге 3*,Санкт-Петербург
М-Отель Санкт-Петербург  3*,Санкт-Петербург
К-Визит Санкт-Петербург отель 4*,Санкт-Петербург
Новотель Санкт-Петербург Центр отель 4*,Санкт-Петербург
Коринтия Санкт-Петербург отель 5*,Санкт-Петербург
Санкт-Петербург,Санкт-Петербург
Шушары (Санкт-Петербург),Шушары (Санкт-Петербург)
Красное Село (Санкт-Петербург),Красное Село (Санкт-Петербург)
Sankt-Peterburg 2*,Киев
Акян Санкт-Петербург отель 4*,Санкт-Петербург
Отель Санкт-Петербург 3*,Санкт-Петербург
Отель Санкт-Петербург 3*,Санкт-Петербург
Дабл ю Санкт-Петербург отель 5*,Санкт-Петербург
Отели в Санкт-Петербурге 3*,Санкт-Петербург
М-Отель Санкт-Петербург  3*,Санкт-Петербург
К-Визит Санкт-Петербург отель 4*,Санкт-Петербург
Новотель Санкт-Петербург Центр отель 4*,Санкт-Петербург
Коринтия Санкт-Петербург отель 5*,Санкт-Петербург
Санкт-Петербург,Санкт-Петербург
Шушары (Санкт-Петербург),Шушары (Санкт-Петербург)
Красное Село (Санкт-Петербург),Красное Село (Санкт-Петербург)
Sankt-Peterburg 2*,Киев
Акян Санкт-Петербург отель 4*,Санкт-Петербург
Отель Санкт-Петербург 3*,Санкт-Петербург
Отель Санкт-Петербург 3*,Санкт-Петербург
Дабл ю Санкт-Петербург отель 5*,Санкт-Петербург
Отели в Санкт-Петербурге 3*,Санкт-Петербург
М-Отель Санкт-Петербург  3*,Санкт-Петербург
К-Визит Санкт-Петербург отель 4*,Санкт-Петербург
Новотель Санкт-Петербург Центр отель 4*,Санкт-Петербург
Коринтия Санкт-Петербург отель 5*,Санкт-Петербург
Санкт-Петербург,Санкт-Петербург
Шушары (Санкт-Петербург),Шушары (Санкт-Петербург)
Красное Село (Санкт-Петербург),Красное Село (Санкт-Петербург)
Sankt-Peterburg 2*,Киев
Акян Санкт-Петербург отель 4*,Санкт-Петербург
Отель Санкт-Петербург 3*,Санкт-Петербург
Отель Санкт-Петербург 3*,Санкт-Петербург
Дабл ю Санкт-Петербург отель 5*,Санкт-Петербург
Отели в Санкт-Петербурге 3*,Санкт-Петербург
М-Отель Санкт-Петербург  3*,Санкт-Петербург
К-Визит Санкт-Петербург отель 4*,Санкт-Петербург
Новотель Санкт-Петербург Центр отель 4*,Санкт-Петербург
Коринтия Санкт-Петербург отель 5*,Санкт-Петербург
Санкт-Петербург,Санкт-Петербург
Шушары (Санкт-Петербург),Шушары (Санкт-Петербург)
Красное Село (Санкт-Петербург),Красное Село (Санкт-Петербург)
Sankt-Peterburg 2*,Киев
Акян Санкт-Петербург отель 4*,Санкт-Петербург
Отель Санкт-Петербург 3*,Санкт-Петербург
Отель Санкт-Петербург 3*,Санкт-Петербург
Дабл ю Санкт-Петербург отель 5*,Санкт-Петербург
Отели в Санкт-Петербурге 3*,Санкт-Петербург
М-Отель Санкт-Петербург  3*,Санкт-Петербург
К-Визит Санкт-Петербург отель 4*,Санкт-Петербург
Новотель Санкт-Петербург Центр отель 4*,Санкт-Петербург
Коринтия Санкт-Петербург отель 5*,Санкт-Петербург
Екатеринбург,Екатеринбург
Екатеринбург муниципальное образование,Екатеринбург муниципальное образование
Кольцово поселок (Екатеринбург),Кольцово поселок (Екатеринбург)
Екатеринбург-Центральный Отель  3*,Екатеринбург муниципальное образование
Екатеринбург хостел,Екатеринбург
Рамада Екатеринбург отель 5*,Екатеринбург
Новотель Екатеринбург Центр отель 3*,Екатеринбург
ГородОтель Екатеринбург отель,Екатеринбург
Форт отель Екатеринбург 3*,Екатеринбург муниципальное образование
Гуру отель Екатеринбург 3*,Екатеринбург муниципальное образование
Аист Отель Екатеринбург 4*,Екатеринбург
Урал отель Екатеринбург,Екатеринбург муниципальное образование
Спорт отель Екатеринбург,Екатеринбург муниципальное образование
Екатеринбург,Екатеринбург
Екатеринбург муниципальное образование,Екатеринбург муниципальное образование
Кольцово поселок (Екатеринбург),Кольцово поселок (Екатеринбург)
Екатеринбург-Центральный Отель  3*,Екатеринбург муниципальное образование
Екатеринбург хостел,Екатеринбург
Рамада Екатеринбург отель 5*,Екатеринбург
Новотель Екатеринбург Центр отель 3*,Екатеринбург
ГородОтель Екатеринбург отель,Екатеринбург
Форт отель Екатеринбург 3*,Екатеринбург муниципальное образование
Гуру отель Екатеринбург 3*,Екатеринбург муниципальное образование
Аист Отель Екатеринбург 4*,Екатеринбург
Урал отель Екатеринбург,Екатеринбург муниципальное образование
Спорт отель Екатеринбург,Екатеринбург муниципальное образование
Екатеринбург,Екатеринбург
Екатеринбург муниципальное образование,Екатеринбург муниципальное образование
Кольцово поселок (Екатеринбург),Кольцово поселок (Екатеринбург)
Екатеринбург-Центральный Отель  3*,Екатеринбург муниципальное образование
Екатеринбург хостел,Екатеринбург
Рамада Екатеринбург отель 5*,Екатеринбург
Новотель Екатеринбург Центр отель 3*,Екатеринбург
ГородОтель Екатеринбург отель,Екатеринбург
Форт отель Екатеринбург 3*,Екатеринбург муниципальное образование
Гуру отель Екатеринбург 3*,Екатеринбург муниципальное образование
Аист Отель Екатеринбург 4*,Екатеринбург
Урал отель Екатеринбург,Екатеринбург муниципальное образование
Спорт отель Екатеринбург,Екатеринбург муниципальное образование
Екатеринбург,Екатеринбург
Екатеринбург муниципальное образование,Екатеринбург муниципальное образование
Кольцово поселок (Екатеринбург),Кольцово поселок (Екатеринбург)
Екатеринбург-Центральный Отель  3*,Екатеринбург муниципальное образование
Екатеринбург хостел,Екатеринбург
Рамада Екатеринбург отель 5*,Екатеринбург
Новотель Екатеринбург Центр отель 3*,Екатеринбург
ГородОтель Екатеринбург отель,Екатеринбург
Форт отель Екатеринбург 3*,Екатеринбург муниципальное образование
Гуру отель Екатеринбург 3*,Екатеринбург муниципальное образование
Аист Отель Екатеринбург 4*,Екатеринбург
Урал отель Екатеринбург,Екатеринбург муниципальное образование
Спорт отель Екатеринбург,Екатеринбург муниципальное образование
Екатеринбург,Екатеринбург
Екатеринбург муниципальное образование,Екатеринбург муниципальное образование
Кольцово поселок (Екатеринбург),Кольцово поселок (Екатеринбург)
Екатеринбург-Центральный Отель  3*,Екатеринбург муниципальное образование
Екатеринбург хостел,Екатеринбург
Рамада Екатеринбург отель 5*,Екатеринбург
Новотель Екатеринбург Центр отель 3*,Екатеринбург
ГородОтель Екатеринбург отель,Екатеринбург
Форт отель Екатеринбург 3*,Екатеринбург муниципальное образование
Гуру отель Екатеринбург 3*,Екатеринбург муниципальное образование
Аист Отель Екатеринбург 4*,Екатеринбург
Урал отель Екатеринбург,Екатеринбург муниципальное образование
Спорт отель Екатеринбург,Екатеринбург муниципальное образование
Екатеринбург,Екатеринбург
Екатеринбург муниципальное образование,Екатеринбург муниципальное образование
Кольцово поселок (Екатеринбург),Кольцово поселок (Екатеринбург)
Екатеринбург-Центральный Отель  3*,Екатеринбург муниципальное образование
Екатеринбург хостел,Екатеринбург
Рамада Екатеринбург отель 5*,Екатеринбург
Новотель Екатеринбург Центр отель 3*,Екатеринбург
ГородОтель Екатеринбург отель,Екатеринбург
Форт отель Екатеринбург 3*,Екатеринбург муниципальное образование
Гуру отель Екатеринбург 3*,Екатеринбург муниципальное образование
Аист Отель Екатеринбург 4*,Екатеринбург
Урал отель Екатеринбург,Екатеринбург муниципальное образование
Спорт отель Екатеринбург,Екатеринбург муниципальное образование
Екатеринбург,Екатеринбург
Екатеринбург муниципальное образование,Екатеринбург муниципальное образование
Кольцово поселок (Екатеринбург),Кольцово поселок (Екатеринбург)
Екатеринбург-Центральный Отель  3*,Екатеринбург муниципальное образование
Екатеринбург хостел,Екатеринбург
Рамада Екатеринбург отель 5*,Екатеринбург
Новотель Екатеринбург Центр отель 3*,Екатеринбург
ГородОтель Екатеринбург отель,Екатеринбург
Форт отель Екатеринбург 3*,Екатеринбург муниципальное образование
Гуру отель Екатеринбург 3*,Екатеринбург муниципальное образование
Аист Отель Екатеринбург 4*,Екатеринбург
Урал отель Екатеринбург,Екатеринбург муниципальное образование
Спорт отель Екатеринбург,Екатеринбург муниципальное образование
Екатеринбург,Екатеринбург
Екатеринбург муниципальное образование,Екатеринбург муниципальное образование
Кольцово поселок (Екатеринбург),Кольцово поселок (Екатеринбург)
Екатеринбург-Центральный Отель  3*,Екатеринбург муниципальное образование
Екатеринбург хостел,Екатеринбург
Рамада Екатеринбург отель 5*,Екатеринбург
Новотель Екатеринбург Центр отель 3*,Екатеринбург
ГородОтель Екатеринбург отель,Екатеринбург
Форт отель Екатеринбург 3*,Екатеринбург муниципальное образование
Гуру отель Екатеринбург 3*,Екатеринбург муниципальное образование
Аист Отель Екатеринбург 4*,Екатеринбург
Урал отель Екатеринбург,Екатеринбург муниципальное образование
Спорт отель Екатеринбург,Екатеринбург муниципальное образование
Екатеринбург,Екатеринбург
Екатеринбург муниципальное образование,Екатеринбург муниципальное образование
Кольцово поселок (Екатеринбург),Кольцово поселок (Екатеринбург)
Екатеринбург-Центральный Отель  3*,Екатеринбург муниципальное образование
Екатеринбург хостел,Екатеринбург
Рамада Екатеринбург отель 5*,Екатеринбург
Новотель Екатеринбург Центр отель 3*,Екатеринбург
ГородОтель Екатеринбург отель,Екатеринбург
Форт отель Екатеринбург 3*,Екатеринбург муниципальное образование
Гуру отель Екатеринбург 3*,Екатеринбург муниципальное образование
Аист Отель Екатеринбург 4*,Екатеринбург
Урал отель Екатеринбург,Екатеринбург муниципальное образование
Спорт отель Екатеринбург,Екатеринбург муниципальное образование
Екатеринбург,Екатеринбург
Екатеринбург муниципальное образование,Екатеринбург муниципальное образование
Кольцово поселок (Екатеринбург),Кольцово поселок (Екатеринбург)
Екатеринбург-Центральный Отель  3*,Екатеринбург муниципальное образование
Екатеринбург хостел,Екатеринбург
Рамада Екатеринбург отель 5*,Екатеринбург
Новотель Екатеринбург Центр отель 3*,Екатеринбург
ГородОтель Екатеринбург отель,Екатеринбург
Форт отель Екатеринбург 3*,Екатеринбург муниципальное образование
Гуру отель Екатеринбург 3*,Екатеринбург муниципальное образование
Аист Отель Екатеринбург 4*,Екатеринбург
Урал отель Екатеринбург,Екатеринбург муниципальное образование
Спорт отель Екатеринбург,Екатеринбург муниципальное образование
Екатеринбург,Екатеринбург
Екатеринбург муниципальное образование,Екатеринбург муниципальное образование
Кольцово поселок (Екатеринбург),Кольцово поселок (Екатеринбург)
Екатеринбург-Центральный Отель  3*,Екатеринбург муниципальное образование
Екатеринбург хостел,Екатеринбург
Рамада Екатеринбург отель 5*,Екатеринбург
Новотель Екатеринбург Центр отель 3*,Екатеринбург
ГородОтель Екатеринбург отель,Екатеринбург
Форт отель Екатеринбург 3*,Екатеринбург муниципальное образование
Гуру отель Екатеринбург 3*,Екатеринбург муниципальное образование
Аист Отель Екатеринбург 4*,Екатеринбург
Урал отель Екатеринбург,Екатеринбург муниципальное образование
Спорт отель Екатеринбург,Екатеринбург муниципальное образование
Екатеринбург,Екатеринбург
Екатеринбург муниципальное образование,Екатеринбург муниципальное образование
Кольцово поселок (Екатеринбург),Кольцово поселок (Екатеринбург)
Екатеринбург-Центральный Отель  3*,Екатеринбург муниципальное образование
Екатеринбург хостел,Екатеринбург
Рамада Екатеринбург отель 5*,Екатеринбург
Новотель Екатеринбург Центр отель 3*,Екатеринбург
ГородОтель Екатеринбург отель,Екатеринбург
Форт отель Екатеринбург 3*,Екатеринбург муниципальное образование
Гуру отель Екатеринбург 3*,Екатеринбург муниципальное образование
Аист Отель Екатеринбург 4*,Екатеринбург
Урал отель Екатеринбург,Екатеринбург муниципальное образование
Спорт отель Екатеринбург,Екатеринбург муниципальное образование
Екатеринбург,Екатеринбург
Екатеринбург муниципальное образование,Екатеринбург муниципальное образование
Кольцово поселок (Екатеринбург),Кольцово поселок (Екатеринбург)
Екатеринбург-Центральный Отель  3*,Екатеринбург муниципальное образование
Екатеринбург хостел,Екатеринбург
Рамада Екатеринбург отель 5*,Екатеринбург
Новотель Екатеринбург Центр отель 3*,Екатеринбург
ГородОтель Екатеринбург отель,Екатеринбург
Форт отель Екатеринбург 3*,Екатеринбург муниципальное образование
Гуру отель Екатеринбург 3*,Екатеринбург муниципальное образование
Аист Отель Екатеринбург 4*,Екатеринбург
Урал отель Екатеринбург,Екатеринбург муниципальное образование
Спорт отель Екатеринбург,Екатеринбург муниципальное образование
Екатеринбург,Екатеринбург
Екатеринбург муниципальное образование,Екатеринбург муниципальное образование
Кольцово поселок (Екатеринбург),Кольцово поселок (Екатеринбург)
Екатеринбург-Центральный Отель  3*,Екатеринбург муниципальное образование
Екатеринбург хостел,Екатеринбург
Рамада Екатеринбург отель 5*,Екатеринбург
Новотель Екатеринбург Центр отель 3*,Екатеринбург
ГородОтель Екатеринбург отель,Екатеринбург
Форт отель Екатеринбург 3*,Екатеринбург муниципальное образование
Гуру отель Екатеринбург 3*,Екатеринбург муниципальное образование
Аист Отель Екатеринбург 4*,Екатеринбург
Урал отель Екатеринбург,Екатеринбург муниципальное образование
Спорт отель Екатеринбург,Екатеринбург муниципальное образование
Екатеринбург,Екатеринбург
Екатеринбург муниципальное образование,Екатеринбург муниципальное образование
Кольцово поселок (Екатеринбург),Кольцово поселок (Екатеринбург)
Екатеринбург-Центральный Отель  3*,Екатеринбург муниципальное образование
Екатеринбург хостел,Екатеринбург
Рамада Екатеринбург отель 5*,Екатеринбург
Новотель Екатеринбург Центр отель 3*,Екатеринбург
ГородОтель Екатеринбург отель,Екатеринбург
Форт отель Екатеринбург 3*,Екатеринбург муниципальное образование
Гуру отель Екатеринбург 3*,Екатеринбург муниципальное образование
Аист Отель Екатеринбург 4*,Екатеринбург
Урал отель Екатеринбург,Екатеринбург муниципальное образование
Спорт отель Екатеринбург,Екатеринбург муниципальное образование
Екатеринбург,Екатеринбург
Екатеринбург муниципальное образование,Екатеринбург муниципальное образование
Кольцово поселок (Екатеринбург),Кольцово поселок (Екатеринбург)
Екатеринбург-Центральный Отель  3*,Екатеринбург муниципальное образование
Екатеринбург хостел,Екатеринбург
Рамада Екатеринбург отель 5*,Екатеринбург
Новотель Екатеринбург Центр отель 3*,Екатеринбург
ГородОтель Екатеринбург отель,Екатеринбург
Форт отель Екатеринбург 3*,Екатеринбург муниципальное образование
Гуру отель Екатеринбург 3*,Екатеринбург муниципальное образование
Аист Отель Екатеринбург 4*,Екатеринбург
Урал отель Екатеринбург,Екатеринбург муниципальное образование
Спорт отель Екатеринбург,Екатеринбург муниципальное образование
Омск,Омск
Томская обл.,Томская обл.
Томский район,Томский район
Томск городской округ,Томск городской округ
Томск,Томск
Омская Отель,Челябинск
Томская гостевой дом 3*,Витязево село
Томск отель 3*,Томск городской округ
Костромской Санаторий,Кострома город
Хостел Омск 3*,Омск
Глория Омск отель 3*,Омск
Аэро отель Омск 3*,Омск
Аура отель Омск,Омск
Шато отель Омск,Омск
Маяк отель Омск 3*,Омск
Омск,Омск
Томская обл.,Томская обл.
Томский район,Томский район
Томск городской округ,Томск городской округ
Томск,Томск
Омская Отель,Челябинск
Томская гостевой дом 3*,Витязево село
Томск отель 3*,Томск городской округ
Костромской Санаторий,Кострома город
Хостел Омск 3*,Омск
Глория Омск отель 3*,Омск
Аэро отель Омск 3*,Омск
Аура отель Омск,Омск
Шато отель Омск,Омск
Маяк отель Омск 3*,Омск
Омск,Омск
Томская обл.,Томская обл.
Томский район,Томский район
Томск городской округ,Томск городской округ
Томск,Томск
Омская Отель,Челябинск
Томская гостевой дом 3*,Витязево село
Томск отель 3*,Томск городской округ
Костромской Санаторий,Кострома город
Хостел Омск 3*,Омск
Глория Омск отель 3*,Омск
Аэро отель Омск 3*,Омск
Аура отель Омск,Омск
Шато отель Омск,Омск
Маяк отель Омск 3*,Омск
Омск,Омск
Томская обл.,Томская обл.
Томский район,Томский район
Томск городской округ,Томск городской округ
Томск,Томск
Омская Отель,Челябинск
Томская гостевой дом 3*,Витязево село
Томск отель 3*,Томск городской округ
Костромской Санаторий,Кострома город
Хостел Омск 3*,Омск
Глория Омск отель 3*,Омск
Аэро отель Омск 3*,Омск
Аура отель Омск,Омск
Шато отель Омск,Омск
Маяк отель Омск 3*,Омск
Омск,Омск
Томская обл.,Томская обл.
Томский район,Томский район
Томск городской округ,Томск городской округ
Томск,Томск
Омская Отель,Челябинск
Томская гостевой дом 3*,Витязево село
Томск отель 3*,Томск городской округ
Костромской Санаторий,Кострома город
Хостел Омск 3*,Омск
Глория Омск отель 3*,Омск
Аэро отель Омск 3*,Омск
Аура отель Омск,Омск
Шато отель Омск,Омск
Маяк отель Омск 3*,Омск
Омск,Омск
Томская обл.,Томская обл.
Томский район,Томский район
Томск городской округ,Томск городской округ
Томск,Томск
Омская Отель,Челябинск
Томская гостевой дом 3*,Витязево село
Томск отель 3*,Томск городской округ
Костромской Санаторий,Кострома город
Хостел Омск 3*,Омск
Глория Омск отель 3*,Омск
Аэро отель Омск 3*,Омск
Аура отель Омск,Омск
Шато отель Омск,Омск
Маяк отель Омск 3*,Омск
Омск,Омск
Томская обл.,Томская обл.
Томский район,Томский район
Томск городской округ,Томск городской округ
Томск,Томск
Омская Отель,Челябинск
Томская гостевой дом 3*,Витязево село
Томск отель 3*,Томск городской округ
Костромской Санаторий,Кострома город
Хостел Омск 3*,Омск
Глория Омск отель 3*,Омск
Аэро отель Омск 3*,Омск
Аура отель Омск,Омск
Шато отель Омск,Омск
Маяк отель Омск 3*,Омск
Омск,Омск
Томская обл.,Томская обл.
Томский район,Томский район
Томск городской округ,Томск городской округ
Томск,Томск
Омская Отель,Челябинск
Томская гостевой дом 3*,Витязево село
Томск отель 3*,Томск городской округ
Костромской Санаторий,Кострома город
Хостел Омск 3*,Омск
Глория Омск отель 3*,Омск
Аэро отель Омск 3*,Омск
Аура отель Омск,Омск
Шато отель Омск,Омск
Маяк отель Омск 3*,Омск
Омск,Омск
Томская обл.,Томская обл.
Томский район,Томский район
Томск городской округ,Томск городской округ
Томск,Томск
Омская Отель,Челябинск
Томская гостевой дом 3*,Витязево село
Томск отель 3*,Томск городской округ
Костромской Санаторий,Кострома город
Хостел Омск 3*,Омск
Глория Омск отель 3*,Омск
Аэро отель Омск 3*,Омск
Аура отель Омск,Омск
Шато отель Омск,Омск
Маяк отель Омск 3*,Омск
Омск,Омск
Томская обл.,Томская обл.
Томский район,Томский район
Томск городской округ,Томск городской округ
Томск,Томск
Омская Отель,Челябинск
Томская гостевой дом 3*,Витязево село
Томск отель 3*,Томск городской округ
Костромской Санаторий,Кострома город
Хостел Омск 3*,Омск
Глория Омск отель 3*,Омск
Аэро отель Омск 3*,Омск
Аура отель Омск,Омск
Шато отель Омск,Омск
Маяк отель Омск 3*,Омск
Омск,Омск
Томская обл.,Томская обл.
Томский район,Томский район
Томск городской округ,Томск городской округ
Томск,Томск
Омская Отель,Челябинск
Томская гостевой дом 3*,Витязево село
Томск отель 3*,Томск городской округ
Костромской Санаторий,Кострома город
Хостел Омск 3*,Омск
Глория Омск отель 3*,Омск
Аэро отель Омск 3*,Омск
Аура отель Омск,Омск
Шато отель Омск,Омск
Маяк отель Омск 3*,Омск
Омск,Омск
Томская обл.,Томская обл.
Томский район,Томский район
Томск городской округ,Томск городской округ
Томск,Томск
Омская Отель,Челябинск
Томская гостевой дом 3*,Витязево село
Томск отель 3*,Томск городской округ
Костромской Санаторий,Кострома город
Хостел Омск 3*,Омск
Глория Омск отель 3*,Омск
Аэро отель Омск 3*,Омск
Аура отель Омск,Омск
Шато отель Омск,Омск
Маяк отель Омск 3*,Омск
Омск,Омск
Томская обл.,Томская обл.
Томский район,Томский район
Томск городской округ,Томск городской округ
Томск,Томск
Омская Отель,Челябинск
Томская гостевой дом 3*,Витязево село
Томск отель 3*,Томск городской округ
Костромской Санаторий,Кострома город
Хостел Омск 3*,Омск
Глория Омск отель 3*,Омск
Аэро отель Омск 3*,Омск
Аура отель Омск,Омск
Шато отель Омск,Омск
Маяк отель Омск 3*,Омск
Омск,Омск
Томская обл.,Томская обл.
Томский район,Томский район
Томск городской округ,Томск городской округ
Томск,Томск
Омская Отель,Челябинск
Томская гостевой дом 3*,Витязево село
Томск отель 3*,Томск городской округ
Костромской Санаторий,Кострома город
Хостел Омск 3*,Омск
Глория Омск отель 3*,Омск
Аэро отель Омск 3*,Омск
Аура отель Омск,Омск
Шато отель Омск,Омск
Маяк отель Омск 3*,Омск
Омск,Омск
Томская обл.,Томская обл.
Томский район,Томский район
Томск городской округ,Томск городской округ
Томск,Томск
Омская Отель,Челябинск
Томская гостевой дом 3*,Витязево село
Томск отель 3*,Томск городской округ
Костромской Санаторий,Кострома город
Хостел Омск 3*,Омск
Глория Омск отель 3*,Омск
Аэро отель Омск 3*,Омск
Аура отель Омск,Омск
Шато отель Омск,Омск
Маяк отель Омск 3*,Омск
Омск,Омск
Томская обл.,Томская обл.
Томский район,Томский район
Томск городской округ,Томск городской округ
Томск,Томск
Омская Отель,Челябинск
Томская гостевой дом 3*,Витязево село
Томск отель 3*,Томск городской округ
Костромской Санаторий,Кострома город
Хостел Омск 3*,Омск
Глория Омск отель 3*,Омск
Аэро отель Омск 3*,Омск
Аура отель Омск,Омск
Шато отель Омск,Омск
Маяк отель Омск 3*,Омск
